BEGIN TRANSACTION;
CREATE TABLE "django_migrations" ("id" serial NOT NULL PRIMARY KEY , "app" varchar(255) NOT NULL, "name" varchar(255) NOT NULL, "applied" timestamp NOT NULL);
INSERT INTO "django_migrations" VALUES(1,'contenttypes','0001_initial','2017-05-29 07:46:25.253388');
INSERT INTO "django_migrations" VALUES(2,'auth','0001_initial','2017-05-29 07:46:25.487270');
INSERT INTO "django_migrations" VALUES(3,'admin','0001_initial','2017-05-29 07:46:25.766015');
INSERT INTO "django_migrations" VALUES(4,'admin','0002_logentry_remove_auto_add','2017-05-29 07:46:26.021922');
INSERT INTO "django_migrations" VALUES(5,'contenttypes','0002_remove_content_type_name','2017-05-29 07:46:26.276820');
INSERT INTO "django_migrations" VALUES(6,'auth','0002_alter_permission_name_max_length','2017-05-29 07:46:26.465070');
INSERT INTO "django_migrations" VALUES(7,'auth','0003_alter_user_email_max_length','2017-05-29 07:46:26.733801');
INSERT INTO "django_migrations" VALUES(8,'auth','0004_alter_user_username_opts','2017-05-29 07:46:26.964201');
INSERT INTO "django_migrations" VALUES(9,'auth','0005_alter_user_last_login_null','2017-05-29 07:46:27.174530');
INSERT INTO "django_migrations" VALUES(10,'auth','0006_require_contenttypes_0002','2017-05-29 07:46:27.261186');
INSERT INTO "django_migrations" VALUES(11,'auth','0007_alter_validators_add_error_messages','2017-05-29 07:46:27.473840');
INSERT INTO "django_migrations" VALUES(12,'auth','0008_alter_user_username_max_length','2017-05-29 07:46:27.717564');
INSERT INTO "django_migrations" VALUES(13,'sessions','0001_initial','2017-05-29 07:46:27.927405');
INSERT INTO "django_migrations" VALUES(14,'people','0001_initial','2017-05-29 12:53:05.933088');
INSERT INTO "django_migrations" VALUES(15,'account','0001_initial','2017-05-29 13:11:13.816761');
INSERT INTO "django_migrations" VALUES(16,'account','0002_email_max_length','2017-05-29 13:11:14.128086');
INSERT INTO "django_migrations" VALUES(17,'sites','0001_initial','2017-05-29 13:11:14.405592');
INSERT INTO "django_migrations" VALUES(18,'sites','0002_alter_domain_unique','2017-05-29 13:11:14.717129');
INSERT INTO "django_migrations" VALUES(19,'socialaccount','0001_initial','2017-05-29 13:11:15.139308');
INSERT INTO "django_migrations" VALUES(20,'socialaccount','0002_token_max_lengths','2017-05-29 13:11:15.561849');
INSERT INTO "django_migrations" VALUES(21,'socialaccount','0003_extra_data_default_dict','2017-05-29 13:11:15.847935');
INSERT INTO "django_migrations" VALUES(22,'people','0002_profile_slug','2017-06-01 07:27:35.779334');
INSERT INTO "django_migrations" VALUES(23,'people','0003_auto_20170601_1056','2017-06-01 08:56:45.909454');
INSERT INTO "django_migrations" VALUES(24,'taggit','0001_initial','2017-06-01 14:32:06.564654');
INSERT INTO "django_migrations" VALUES(25,'taggit','0002_auto_20150616_2121','2017-06-01 14:32:06.820149');
INSERT INTO "django_migrations" VALUES(26,'people','0004_auto_20170601_1631','2017-06-01 14:32:07.332094');
INSERT INTO "django_migrations" VALUES(27,'people','0005_auto_20170609_1055','2017-06-09 08:55:10.586462');
INSERT INTO "django_migrations" VALUES(28,'people','0006_auto_20170609_1214','2017-06-09 10:14:18.086467');
CREATE TABLE "auth_group" ("id" serial NOT NULL PRIMARY KEY , "name" varchar(80) NOT NULL UNIQUE);
CREATE TABLE "django_content_type" ("id" serial NOT NULL PRIMARY KEY , "app_label" varchar(100) NOT NULL, "model" varchar(100) NOT NULL);
INSERT INTO "django_content_type" VALUES(1,'admin','logentry');
INSERT INTO "django_content_type" VALUES(2,'auth','group');
INSERT INTO "django_content_type" VALUES(3,'auth','permission');
INSERT INTO "django_content_type" VALUES(4,'auth','user');
INSERT INTO "django_content_type" VALUES(5,'contenttypes','contenttype');
INSERT INTO "django_content_type" VALUES(6,'sessions','session');
INSERT INTO "django_content_type" VALUES(7,'people','profile');
INSERT INTO "django_content_type" VALUES(8,'sites','site');
INSERT INTO "django_content_type" VALUES(9,'account','emailconfirmation');
INSERT INTO "django_content_type" VALUES(10,'account','emailaddress');
INSERT INTO "django_content_type" VALUES(11,'socialaccount','socialapp');
INSERT INTO "django_content_type" VALUES(12,'socialaccount','socialtoken');
INSERT INTO "django_content_type" VALUES(13,'socialaccount','socialaccount');
INSERT INTO "django_content_type" VALUES(14,'taggit','taggeditem');
INSERT INTO "django_content_type" VALUES(15,'taggit','tag');
INSERT INTO "django_content_type" VALUES(16,'people','taggedtags');
CREATE TABLE "auth_permission" ("id" serial NOT NULL PRIMARY KEY , "content_type_id" integer NOT NULL REFERENCES "django_content_type" ("id"), "codename" varchar(100) NOT NULL, "name" varchar(255) NOT NULL);
INSERT INTO "auth_permission" VALUES(1,1,'add_logentry','Can add log entry');
INSERT INTO "auth_permission" VALUES(2,1,'change_logentry','Can change log entry');
INSERT INTO "auth_permission" VALUES(3,1,'delete_logentry','Can delete log entry');
INSERT INTO "auth_permission" VALUES(4,2,'add_group','Can add group');
INSERT INTO "auth_permission" VALUES(5,2,'change_group','Can change group');
INSERT INTO "auth_permission" VALUES(6,2,'delete_group','Can delete group');
INSERT INTO "auth_permission" VALUES(7,3,'add_permission','Can add permission');
INSERT INTO "auth_permission" VALUES(8,3,'change_permission','Can change permission');
INSERT INTO "auth_permission" VALUES(9,3,'delete_permission','Can delete permission');
INSERT INTO "auth_permission" VALUES(10,4,'add_user','Can add user');
INSERT INTO "auth_permission" VALUES(11,4,'change_user','Can change user');
INSERT INTO "auth_permission" VALUES(12,4,'delete_user','Can delete user');
INSERT INTO "auth_permission" VALUES(13,5,'add_contenttype','Can add content type');
INSERT INTO "auth_permission" VALUES(14,5,'change_contenttype','Can change content type');
INSERT INTO "auth_permission" VALUES(15,5,'delete_contenttype','Can delete content type');
INSERT INTO "auth_permission" VALUES(16,6,'add_session','Can add session');
INSERT INTO "auth_permission" VALUES(17,6,'change_session','Can change session');
INSERT INTO "auth_permission" VALUES(18,6,'delete_session','Can delete session');
INSERT INTO "auth_permission" VALUES(19,7,'add_profile','Can add profile');
INSERT INTO "auth_permission" VALUES(20,7,'change_profile','Can change profile');
INSERT INTO "auth_permission" VALUES(21,7,'delete_profile','Can delete profile');
INSERT INTO "auth_permission" VALUES(22,8,'add_site','Can add site');
INSERT INTO "auth_permission" VALUES(23,8,'change_site','Can change site');
INSERT INTO "auth_permission" VALUES(24,8,'delete_site','Can delete site');
INSERT INTO "auth_permission" VALUES(25,9,'add_emailconfirmation','Can add email confirmation');
INSERT INTO "auth_permission" VALUES(26,9,'change_emailconfirmation','Can change email confirmation');
INSERT INTO "auth_permission" VALUES(27,9,'delete_emailconfirmation','Can delete email confirmation');
INSERT INTO "auth_permission" VALUES(28,10,'add_emailaddress','Can add email address');
INSERT INTO "auth_permission" VALUES(29,10,'change_emailaddress','Can change email address');
INSERT INTO "auth_permission" VALUES(30,10,'delete_emailaddress','Can delete email address');
INSERT INTO "auth_permission" VALUES(31,11,'add_socialapp','Can add social application');
INSERT INTO "auth_permission" VALUES(32,11,'change_socialapp','Can change social application');
INSERT INTO "auth_permission" VALUES(33,11,'delete_socialapp','Can delete social application');
INSERT INTO "auth_permission" VALUES(34,12,'add_socialtoken','Can add social application token');
INSERT INTO "auth_permission" VALUES(35,12,'change_socialtoken','Can change social application token');
INSERT INTO "auth_permission" VALUES(36,12,'delete_socialtoken','Can delete social application token');
INSERT INTO "auth_permission" VALUES(37,13,'add_socialaccount','Can add social account');
INSERT INTO "auth_permission" VALUES(38,13,'change_socialaccount','Can change social account');
INSERT INTO "auth_permission" VALUES(39,13,'delete_socialaccount','Can delete social account');
INSERT INTO "auth_permission" VALUES(40,14,'add_taggeditem','Can add Tagged Item');
INSERT INTO "auth_permission" VALUES(41,14,'change_taggeditem','Can change Tagged Item');
INSERT INTO "auth_permission" VALUES(42,14,'delete_taggeditem','Can delete Tagged Item');
INSERT INTO "auth_permission" VALUES(43,15,'add_tag','Can add Tag');
INSERT INTO "auth_permission" VALUES(44,15,'change_tag','Can change Tag');
INSERT INTO "auth_permission" VALUES(45,15,'delete_tag','Can delete Tag');
INSERT INTO "auth_permission" VALUES(46,16,'add_taggedtags','Can add tagged tags');
INSERT INTO "auth_permission" VALUES(47,16,'change_taggedtags','Can change tagged tags');
INSERT INTO "auth_permission" VALUES(48,16,'delete_taggedtags','Can delete tagged tags');
CREATE TABLE "auth_user" ("id" serial NOT NULL PRIMARY KEY , "password" varchar(128) NOT NULL, "last_login" timestamp NULL, "is_superuser" bool NOT NULL, "first_name" varchar(30) NOT NULL, "last_name" varchar(30) NOT NULL, "email" varchar(254) NOT NULL, "is_staff" bool NOT NULL, "is_active" bool NOT NULL, "date_joined" timestamp NOT NULL, "username" varchar(150) NOT NULL UNIQUE);
INSERT INTO "auth_user" VALUES(1,'pbkdf2_sha256$36000$EG7AcpwRNQ6p$qzxQaTYqULRTWXMT6qx1Fn2sz7J7e+qX3DfnnwzZwao=','2017-06-01 08:02:28','1','Rémy','Dubel','plop@plop.plop','1','1','2017-05-29 07:47:03','remy');
INSERT INTO "auth_user" VALUES(2,'pbkdf2_sha256$36000$S1BwAHV3auiO$JfnkpVH8r9q1QXBeqyrU5CG91X5mJgv8F/uwXZ9ud8Q=','2017-05-29 13:36:05.083755','0','','','remdub@live.fr','0','1','2017-05-29 13:36:03.962961','rdubz');
INSERT INTO "auth_user" VALUES(3,'pbkdf2_sha256$36000$nONURUTe27JN$nxwDl11Vi9xDRP4+YBHjePYLCqz9QEmSWKi0Qcc5fEQ=','2017-06-01 09:12:19.691939','0','','','lelel@lel.lel','0','1','2017-06-01 09:12:17.214649','slt');
INSERT INTO "auth_user" VALUES(4,'pbkdf2_sha256$36000$H57cVSISgb7k$cXWFs3VjC6aMyKll5le53nVBAzDHSjRHnLCjRRcjsDw=','2017-06-01 09:14:24.392901','0','','','shiizuka@live.fr','0','1','2017-06-01 09:14:23.658451','moi');
INSERT INTO "auth_user" VALUES(5,'pbkdf2_sha256$36000$cnpPhTBTZbKn$G0DmOc24VC1+yaJg4AZoDn/9HSHgaEV+NtOFbYRxMzI=',NULL,'0','','','','0','1','2017-06-12 11:35:31','plop');
INSERT INTO "auth_user" VALUES(6,'pbkdf2_sha256$36000$e1QQay9yoMlK$CyBUBarCAIwi4Vlfz+Ma9qPFfZeFjivcU9uAoTkC9QU=',NULL,'0','','','','0','1','2017-06-12 11:37:39','bye');
INSERT INTO "auth_user" VALUES(7,'pbkdf2_sha256$36000$kvvH6qZvCm4V$aGV7I2PSF4HfZ837KN1aLzjLgtZ/qt6scMggnIpwnsE=',NULL,'0','','','','0','1','2017-06-12 11:49:19','fakku');
INSERT INTO "auth_user" VALUES(8,'pbkdf2_sha256$36000$vUiTlxgAgSB6$LDhF+wwWPOywadBDT6g6KrkroCIf3JH2LwtQH6hHnPM=',NULL,'0','','','','0','1','2017-06-12 11:50:20','mclarinette');
INSERT INTO "auth_user" VALUES(9,'pbkdf2_sha256$36000$JL9PlFzXYmXs$dthWrtawTPPuw5aosdpDe9HB46Z/q7pYHJ4l/JCQSI0=',NULL,'0','','','','0','1','2017-06-12 11:51:49','pawafuru');
INSERT INTO "auth_user" VALUES(10,'pbkdf2_sha256$36000$K1DK1QnHoMS5$pWHT4JvwXYUi/T/4pEC0+a75SM7+7KAxcnRkcKKQ3aw=',NULL,'0','','','','0','1','2017-06-12 12:02:02.451291','plopux');
CREATE TABLE "django_admin_log" ("id" serial NOT NULL PRIMARY KEY , "object_id" text NULL, "object_repr" varchar(200) NOT NULL, "action_flag" smallint  NOT NULL, "change_message" text NOT NULL, "content_type_id" integer NULL REFERENCES "django_content_type" ("id"), "user_id" integer NOT NULL REFERENCES "auth_user" ("id"), "action_time" timestamp NOT NULL);
INSERT INTO "django_admin_log" VALUES(1,'1','localhost:5000',2,'[{"changed": {"fields": ["domain", "name"]}}]',8,1,'2017-05-29 13:27:02.049904');
INSERT INTO "django_admin_log" VALUES(2,'1','remy',2,'[{"changed": {"fields": ["first_name", "last_name"]}}]',4,1,'2017-06-01 08:31:00.935676');
INSERT INTO "django_admin_log" VALUES(3,'1','remy',2,'[{"added": {"object": "Profile object", "name": "profile"}}]',4,1,'2017-06-01 08:57:14.072883');
INSERT INTO "django_admin_log" VALUES(4,'5','plop',1,'[{"added": {}}]',4,1,'2017-06-12 11:35:31.871698');
INSERT INTO "django_admin_log" VALUES(5,'5','plop',2,'[{"changed": {"fields": ["addr", "zipcode", "city", "website", "interests", "skills"], "object": "Profile object", "name": "profile"}}]',4,1,'2017-06-12 11:36:18.861870');
INSERT INTO "django_admin_log" VALUES(6,'6','bye',1,'[{"added": {}}]',4,1,'2017-06-12 11:37:39.842010');
INSERT INTO "django_admin_log" VALUES(7,'6','bye',2,'[{"changed": {"fields": ["addr", "zipcode", "city", "website", "interests", "skills"], "object": "Profile object", "name": "profile"}}]',4,1,'2017-06-12 11:43:44.006357');
INSERT INTO "django_admin_log" VALUES(8,'7','fakku',1,'[{"added": {}}]',4,1,'2017-06-12 11:49:19.700987');
INSERT INTO "django_admin_log" VALUES(9,'7','fakku',2,'[{"changed": {"fields": ["addr", "zipcode", "city", "website", "interests", "skills"], "object": "Profile object", "name": "profile"}}]',4,1,'2017-06-12 11:49:44.051538');
INSERT INTO "django_admin_log" VALUES(10,'8','mclarinette',1,'[{"added": {}}]',4,1,'2017-06-12 11:50:21.008904');
INSERT INTO "django_admin_log" VALUES(11,'8','mclarinette',2,'[{"changed": {"fields": ["addr", "zipcode", "city", "website", "interests", "skills"], "object": "Profile object", "name": "profile"}}]',4,1,'2017-06-12 11:51:33.160967');
INSERT INTO "django_admin_log" VALUES(12,'9','pawafuru',1,'[{"added": {}}]',4,1,'2017-06-12 11:51:49.124449');
INSERT INTO "django_admin_log" VALUES(13,'9','pawafuru',2,'[{"changed": {"fields": ["addr", "zipcode", "city", "website", "interests", "skills"], "object": "Profile object", "name": "profile"}}]',4,1,'2017-06-12 11:52:26.299134');
INSERT INTO "django_admin_log" VALUES(14,'10','plopux',1,'[{"added": {}}, {"added": {"object": "Profile object", "name": "profile"}}]',4,1,'2017-06-12 12:02:02.541433');
CREATE TABLE "auth_user_groups" ("id" serial NOT NULL PRIMARY KEY , "user_id" integer NOT NULL REFERENCES "auth_user" ("id"), "group_id" integer NOT NULL REFERENCES "auth_group" ("id"));
CREATE TABLE "auth_group_permissions" ("id" serial NOT NULL PRIMARY KEY , "group_id" integer NOT NULL REFERENCES "auth_group" ("id"), "permission_id" integer NOT NULL REFERENCES "auth_permission" ("id"));
CREATE TABLE "auth_user_user_permissions" ("id" serial NOT NULL PRIMARY KEY , "user_id" integer NOT NULL REFERENCES "auth_user" ("id"), "permission_id" integer NOT NULL REFERENCES "auth_permission" ("id"));
CREATE TABLE "django_session" ("session_key" varchar(40) NOT NULL PRIMARY KEY, "session_data" text NOT NULL, "expire_date" timestamp NOT NULL);
INSERT INTO "django_session" VALUES('b1n6t5d37gesju52ourm5xifd3221cs0','MTEwNGJiZjlhZTk2ZTlmMDJiMzRjOGU3N2FmMDQwYmZjM2YzNzJhMTp7Il9hdXRoX3VzZXJfaGFzaCI6IjQ2NDM0MGY2M2E3OGYyYzY1NzUwMzhjYTI0ZDc3YjFhMzc1OGU4MTEiLCJfYXV0aF91c2VyX2JhY2tlbmQiOiJkamFuZ28uY29udHJpYi5hdXRoLmJhY2tlbmRzLk1vZGVsQmFja2VuZCIsIl9hdXRoX3VzZXJfaWQiOiIxIn0=','2017-06-15 08:02:28.756937');
INSERT INTO "django_session" VALUES('7c353np5av3j7zmaiicj0y7djwd9g3xp','OWNjM2U1MDBiYWUyYzc0ZGZlODM0OGYzMjM0NjkwNTc5ZDRkNWQ3MDp7Il9hdXRoX3VzZXJfYmFja2VuZCI6ImFsbGF1dGguYWNjb3VudC5hdXRoX2JhY2tlbmRzLkF1dGhlbnRpY2F0aW9uQmFja2VuZCIsIl9hdXRoX3VzZXJfaGFzaCI6IjEyM2UzZTEyZjFiNGRlMzI0YTRjMjAwNzcyMTYxYmFiYmIyOGEyOTMiLCJhY2NvdW50X3VzZXIiOiIzIiwiX2F1dGhfdXNlcl9pZCI6IjMiLCJhY2NvdW50X3ZlcmlmaWVkX2VtYWlsIjpudWxsfQ==','2017-06-15 09:12:19.833987');
INSERT INTO "django_session" VALUES('1ccapf6ucl29zc9h8ax29z0jgfq94lk5','YzU3Y2RkOWRhNjY2NzllMzMzMDU2OWQyMTY4YzY5YWY4NGZhYjA1Mzp7Il9hdXRoX3VzZXJfYmFja2VuZCI6ImFsbGF1dGguYWNjb3VudC5hdXRoX2JhY2tlbmRzLkF1dGhlbnRpY2F0aW9uQmFja2VuZCIsIl9hdXRoX3VzZXJfaGFzaCI6IjEzN2E2ZGQzNzk0NzBlODJiMGVlOWE3YzQzZTE2OWRkOTk2ODZlMzgiLCJhY2NvdW50X3VzZXIiOiI0IiwiX2F1dGhfdXNlcl9pZCI6IjQiLCJhY2NvdW50X3ZlcmlmaWVkX2VtYWlsIjpudWxsfQ==','2017-06-15 09:14:24.516059');
CREATE TABLE "account_emailaddress" ("id" serial NOT NULL PRIMARY KEY , "verified" bool NOT NULL, "primary" bool NOT NULL, "user_id" integer NOT NULL REFERENCES "auth_user" ("id"), "email" varchar(254) NOT NULL UNIQUE);
INSERT INTO "account_emailaddress" VALUES(1,'0','1',2,'remdub@live.fr');
INSERT INTO "account_emailaddress" VALUES(2,'0','1',3,'lelel@lel.lel');
INSERT INTO "account_emailaddress" VALUES(3,'1','1',4,'shiizuka@live.fr');
CREATE TABLE "account_emailconfirmation" ("id" serial NOT NULL PRIMARY KEY , "created" timestamp NOT NULL, "sent" timestamp NULL, "key" varchar(64) NOT NULL UNIQUE, "email_address_id" integer NOT NULL REFERENCES "account_emailaddress" ("id"));
CREATE TABLE "django_site" ("id" serial NOT NULL PRIMARY KEY , "name" varchar(50) NOT NULL, "domain" varchar(100) NOT NULL UNIQUE);
INSERT INTO "django_site" VALUES(1,'localhost:5000','localhost:5000');
CREATE TABLE "socialaccount_socialapp" ("id" serial NOT NULL PRIMARY KEY , "provider" varchar(30) NOT NULL, "name" varchar(40) NOT NULL, "client_id" varchar(191) NOT NULL, "key" varchar(191) NOT NULL, "secret" varchar(191) NOT NULL);
CREATE TABLE "socialaccount_socialapp_sites" ("id" serial NOT NULL PRIMARY KEY , "socialapp_id" integer NOT NULL REFERENCES "socialaccount_socialapp" ("id"), "site_id" integer NOT NULL REFERENCES "django_site" ("id"));
CREATE TABLE "socialaccount_socialaccount" ("id" serial NOT NULL PRIMARY KEY , "provider" varchar(30) NOT NULL, "uid" varchar(191) NOT NULL, "last_login" timestamp NOT NULL, "date_joined" timestamp NOT NULL, "user_id" integer NOT NULL REFERENCES "auth_user" ("id"), "extra_data" text NOT NULL);
CREATE TABLE "socialaccount_socialtoken" ("id" serial NOT NULL PRIMARY KEY , "token" text NOT NULL, "token_secret" text NOT NULL, "expires_at" timestamp NULL, "account_id" integer NOT NULL REFERENCES "socialaccount_socialaccount" ("id"), "app_id" integer NOT NULL REFERENCES "socialaccount_socialapp" ("id"));
CREATE TABLE "taggit_tag" ("id" serial NOT NULL PRIMARY KEY , "name" varchar(100) NOT NULL UNIQUE, "slug" varchar(100) NOT NULL UNIQUE);
INSERT INTO "taggit_tag" VALUES(1,'de','de');
INSERT INTO "taggit_tag" VALUES(2,'xxd','xxd');
INSERT INTO "taggit_tag" VALUES(3,'revoir','revoir');
INSERT INTO "taggit_tag" VALUES(4,'bonjour','bonjour');
INSERT INTO "taggit_tag" VALUES(5,'au','au');
INSERT INTO "taggit_tag" VALUES(6,'<TaggedItem: Profile object tagged with bonjour>','taggeditem-profile-object-tagged-with-bonjour');
INSERT INTO "taggit_tag" VALUES(7,'c','c');
INSERT INTO "taggit_tag" VALUES(8,'fg','fg');
INSERT INTO "taggit_tag" VALUES(9,'<QuerySet [<TaggedItem: Profile object tagged with revoir>','queryset-taggeditem-profile-object-tagged-with-revoir');
INSERT INTO "taggit_tag" VALUES(10,'<TaggedItem: Profile object tagged with au>]>','taggeditem-profile-object-tagged-with-au');
INSERT INTO "taggit_tag" VALUES(11,'tg','tg');
INSERT INTO "taggit_tag" VALUES(12,'merci','merci');
INSERT INTO "taggit_tag" VALUES(13,'xD','xd');
INSERT INTO "taggit_tag" VALUES(14,'for you','for-you');
INSERT INTO "taggit_tag" VALUES(15,'too much','too-much');
INSERT INTO "taggit_tag" VALUES(16,'to handle','to-handle');
INSERT INTO "taggit_tag" VALUES(17,'trop','trop');
INSERT INTO "taggit_tag" VALUES(18,'magnifique','magnifique');
INSERT INTO "taggit_tag" VALUES(19,'fort','fort');
INSERT INTO "taggit_tag" VALUES(20,'dd','dd');
INSERT INTO "taggit_tag" VALUES(21,'ddd','ddd');
INSERT INTO "taggit_tag" VALUES(22,'ta','ta');
INSERT INTO "taggit_tag" VALUES(23,'maman','maman');
INSERT INTO "taggit_tag" VALUES(24,'intrwebz','intrwebz');
INSERT INTO "taggit_tag" VALUES(25,'autres','autres');
INSERT INTO "taggit_tag" VALUES(26,'?','');
CREATE TABLE "taggit_taggeditem" ("id" serial NOT NULL PRIMARY KEY , "object_id" integer NOT NULL, "content_type_id" integer NOT NULL REFERENCES "django_content_type" ("id"), "tag_id" integer NOT NULL REFERENCES "taggit_tag" ("id"));
INSERT INTO "taggit_taggeditem" VALUES(15,1,7,16);
INSERT INTO "taggit_taggeditem" VALUES(16,1,7,14);
INSERT INTO "taggit_taggeditem" VALUES(17,1,7,15);
INSERT INTO "taggit_taggeditem" VALUES(18,3,7,21);
INSERT INTO "taggit_taggeditem" VALUES(19,4,7,23);
INSERT INTO "taggit_taggeditem" VALUES(20,6,7,25);
CREATE TABLE "people_profile" ("id" serial NOT NULL PRIMARY KEY , "avatar" varchar(100) NULL, "addr" varchar(200) NOT NULL, "zipcode" varchar(5) NOT NULL, "city" varchar(100) NOT NULL, "website" varchar(100) NOT NULL, "user_id" integer NOT NULL UNIQUE REFERENCES "auth_user" ("id"));
INSERT INTO "people_profile" VALUES(1,'','42 Hiroad street','48000','Mende','lel.com',2);
INSERT INTO "people_profile" VALUES(2,'','','','','',3);
INSERT INTO "people_profile" VALUES(3,'','lolalrlelalrolelolill','48563','Moncuq','lel.lol',4);
INSERT INTO "people_profile" VALUES(4,'','elfr','48220','Lelzx','fro,gr.lol',5);
INSERT INTO "people_profile" VALUES(5,'','Lelednej','85142','MahBeet','xd.lel',6);
INSERT INTO "people_profile" VALUES(6,'','CEJfizejbl','54100','Leed Trie','eLexx.ckk',7);
INSERT INTO "people_profile" VALUES(7,'','Labonnadress','47841','Laernic','13onna553.xd',8);
INSERT INTO "people_profile" VALUES(8,'','OREWAOCHINCHINGADAISUKI','54854','WAKATERUKA','BO.KE',9);
INSERT INTO "people_profile" VALUES(9,'','deifbuoi','48513','Lelcity','lelsite',10);
CREATE TABLE "people_taggedtags" ("id" serial NOT NULL PRIMARY KEY , "content_object_id" integer NOT NULL REFERENCES "people_profile" ("id"), "tag_id" integer NOT NULL REFERENCES "taggit_tag" ("id"));
INSERT INTO "people_taggedtags" VALUES(4,3,20);
INSERT INTO "people_taggedtags" VALUES(5,4,22);
INSERT INTO "people_taggedtags" VALUES(6,6,24);
INSERT INTO "people_taggedtags" VALUES(7,8,26);
CREATE UNIQUE INDEX "auth_group_permissions_group_id_permission_id_0cd325b0_uniq" ON "auth_group_permissions" ("group_id", "permission_id");
CREATE INDEX "auth_group_permissions_group_id_b120cbf9" ON "auth_group_permissions" ("group_id");
CREATE INDEX "auth_group_permissions_permission_id_84c5c92e" ON "auth_group_permissions" ("permission_id");
CREATE UNIQUE INDEX "auth_user_groups_user_id_group_id_94350c0c_uniq" ON "auth_user_groups" ("user_id", "group_id");
CREATE INDEX "auth_user_groups_user_id_6a12ed8b" ON "auth_user_groups" ("user_id");
CREATE INDEX "auth_user_groups_group_id_97559544" ON "auth_user_groups" ("group_id");
CREATE UNIQUE INDEX "auth_user_user_permissions_user_id_permission_id_14a6b632_uniq" ON "auth_user_user_permissions" ("user_id", "permission_id");
CREATE INDEX "auth_user_user_permissions_user_id_a95ead1b" ON "auth_user_user_permissions" ("user_id");
CREATE INDEX "auth_user_user_permissions_permission_id_1fbb5f2c" ON "auth_user_user_permissions" ("permission_id");
CREATE INDEX "django_admin_log_content_type_id_c4bce8eb" ON "django_admin_log" ("content_type_id");
CREATE INDEX "django_admin_log_user_id_c564eba6" ON "django_admin_log" ("user_id");
CREATE UNIQUE INDEX "django_content_type_app_label_model_76bd3d3b_uniq" ON "django_content_type" ("app_label", "model");
CREATE UNIQUE INDEX "auth_permission_content_type_id_codename_01ab375a_uniq" ON "auth_permission" ("content_type_id", "codename");
CREATE INDEX "auth_permission_content_type_id_2f476e4b" ON "auth_permission" ("content_type_id");
CREATE INDEX "django_session_expire_date_a5c62663" ON "django_session" ("expire_date");
CREATE INDEX "account_emailconfirmation_email_address_id_5b7f8c58" ON "account_emailconfirmation" ("email_address_id");
CREATE INDEX "account_emailaddress_user_id_2c513194" ON "account_emailaddress" ("user_id");
CREATE UNIQUE INDEX "socialaccount_socialtoken_app_id_account_id_fca4e0ac_uniq" ON "socialaccount_socialtoken" ("app_id", "account_id");
CREATE UNIQUE INDEX "socialaccount_socialapp_sites_socialapp_id_site_id_71a9a768_uniq" ON "socialaccount_socialapp_sites" ("socialapp_id", "site_id");
CREATE INDEX "socialaccount_socialapp_sites_socialapp_id_97fb6e7d" ON "socialaccount_socialapp_sites" ("socialapp_id");
CREATE INDEX "socialaccount_socialapp_sites_site_id_2579dee5" ON "socialaccount_socialapp_sites" ("site_id");
CREATE INDEX "socialaccount_socialtoken_account_id_951f210e" ON "socialaccount_socialtoken" ("account_id");
CREATE INDEX "socialaccount_socialtoken_app_id_636a42d7" ON "socialaccount_socialtoken" ("app_id");
CREATE UNIQUE INDEX "socialaccount_socialaccount_provider_uid_fc810c6e_uniq" ON "socialaccount_socialaccount" ("provider", "uid");
CREATE INDEX "socialaccount_socialaccount_user_id_8146e70c" ON "socialaccount_socialaccount" ("user_id");
CREATE INDEX "taggit_taggeditem_object_id_e2d7d1df" ON "taggit_taggeditem" ("object_id");
CREATE INDEX "taggit_taggeditem_content_type_id_9957a03c" ON "taggit_taggeditem" ("content_type_id");
CREATE INDEX "taggit_taggeditem_tag_id_f4f5b767" ON "taggit_taggeditem" ("tag_id");
CREATE INDEX "taggit_taggeditem_content_type_id_object_id_196cc965_idx" ON "taggit_taggeditem" ("content_type_id", "object_id");
CREATE INDEX "people_taggedtags_content_object_id_f0c0328d" ON "people_taggedtags" ("content_object_id");
CREATE INDEX "people_taggedtags_tag_id_1700f689" ON "people_taggedtags" ("tag_id");
COMMIT;
